relative_path,filename,extension,size_bytes,width,height,file_format,sha256,classification,notes,category,texture_family,map_role,copied_to
AUDITORIA_PROJETO_TRADUCAO.md,AUDITORIA_PROJETO_TRADUCAO.md,.md,18883,,,Markdown,e7f66de05db842606856879c22466e85647867db24ea2a11000973944b10513d,documentation,,,,,docs/AUDITORIA_PROJETO_TRADUCAO.md
LEIA-ME_GUIA_DE_TRADUCAO.md,LEIA-ME_GUIA_DE_TRADUCAO.md,.md,10199,,,Markdown,40eeab66773e8c75e2dce41fc1955cd81845b5d32377696e2ffc133cef4a805b,documentation,legacy guide snapshot; known inaccuracies listed in audit section 6,,,,docs/legacy/LEIA-ME_GUIA_DE_TRADUCAO.md
01 - Placas de Transito (Road Signs)/eca_roadsigns_d.dds,eca_roadsigns_d.dds,.dds,1398256,1024,1024,DDS BC3 (DXT5),8842d56f8438f47a15875669e4e599cbaf39efefd704779acc0a4384f6c181c6,original_dds,mipmaps=11,01 - Placas de Transito (Road Signs),eca_roadsigns,diffuse_legacy_with_alpha,source/originals/dds/eca_roadsigns_d.dds
01 - Placas de Transito (Road Signs)/eca_roadsigns_d.png,eca_roadsigns_d.png,.png,394922,1024,1024,PNG RGBA,8a346ff9688a16298b44f3ef3ff0f58bb49cc3c5320c211ec338800407ef76fd,original_png,alpha min=0 max=255 transparent=11.6% semi=3.7%; PNG decoded from the original DDS (same resolution); editing base,01 - Placas de Transito (Road Signs),eca_roadsigns,diffuse_legacy_with_alpha,source/originals/png/eca_roadsigns_d.png
01 - Placas de Transito (Road Signs)/speed_sign.dds,speed_sign.dds,.dds,87528,512,256,DDS BC1 (DXT1),6ae43b0fa4ca975b4e67548c393ce668581fad457d3b291f4dd4948bc1a84cc5,original_dds,mipmaps=10,01 - Placas de Transito (Road Signs),speed_sign,diffuse_legacy,source/originals/dds/speed_sign.dds
01 - Placas de Transito (Road Signs)/speed_sign.png,speed_sign.png,.png,21206,512,256,PNG RGBA,898f1b77170ffed00235cb1d309c3dc265e40591b6ef5d10a3366e1539c3e0fc,original_png,alpha min=255 max=255 transparent=0.0% semi=0.0%; PNG decoded from the original DDS (same resolution); editing base,01 - Placas de Transito (Road Signs),speed_sign,diffuse_legacy,source/originals/png/speed_sign.png
01 - Placas de Transito (Road Signs)/t_roadsigns_b.color.dds,t_roadsigns_b.color.dds,.dds,2796388,2048,1024,DDS DX10 BC7_UNORM_SRGB,eba34c89118af2f421e5ac60100fc46e12352f630255c3c55d51bb922f22f51c,original_dds,mipmaps=12,01 - Placas de Transito (Road Signs),t_roadsigns,color,source/originals/dds/t_roadsigns_b.color.dds
01 - Placas de Transito (Road Signs)/t_roadsigns_b.color.png,t_roadsigns_b.color.png,.png,1605895,2048,1024,PNG RGBA,4933c5e942b8c59fe369a6c70471f4284c0ba3aeabe86c87a169c07f13005ba7,original_png,alpha min=254 max=255 transparent=0.0% semi=0.1%; PNG decoded from the original DDS (same resolution); editing base,01 - Placas de Transito (Road Signs),t_roadsigns,color,source/originals/png/t_roadsigns_b.color.png
01 - Placas de Transito (Road Signs)/t_roadsigns_o.data.dds,t_roadsigns_o.data.dds,.dds,2796388,2048,1024,DDS DX10 BC7_UNORM,240ad8451abe832dfcae1a9e7bc4f9f1444b6b079bc819a3c67e093ef44e0823,original_dds,mipmaps=12; auxiliary_map (opacity),01 - Placas de Transito (Road Signs),t_roadsigns,opacity,source/originals/dds/t_roadsigns_o.data.dds
01 - Placas de Transito (Road Signs)/t_roadsigns_o.data.png,t_roadsigns_o.data.png,.png,580900,2048,1024,PNG RGBA,7429ef2a251ebca1c8e4b6dca674e6a9be134ef23be4704cb11fcb475c45fac9,original_png,alpha min=254 max=255 transparent=0.0% semi=0.0%; PNG decoded from the original DDS (same resolution); editing base; auxiliary_map (opacity),01 - Placas de Transito (Road Signs),t_roadsigns,opacity,source/originals/png/t_roadsigns_o.data.png
01 - Placas de Transito (Road Signs)/t_usa_roadsigns_text_e.color.dds,t_usa_roadsigns_text_e.color.dds,.dds,5636,64,64,DDS DX10 BC7_UNORM_SRGB,075a3903156fce9f1d3316056f2505843bad6464f87bbcf019f4eb88a52858c6,original_dds,mipmaps=7; auxiliary_map (emissive),01 - Placas de Transito (Road Signs),usa_roadsigns_text,emissive,source/originals/dds/t_usa_roadsigns_text_e.color.dds
01 - Placas de Transito (Road Signs)/t_usa_roadsigns_text_e.color.png,t_usa_roadsigns_text_e.color.png,.png,181,64,64,PNG RGBA,10ac492948521f143ef60e8ee58190a4ea80ff9e973345b4236226c24af6813d,original_png,alpha min=255 max=255 transparent=0.0% semi=0.0%; PNG decoded from the original DDS (same resolution); editing base; auxiliary_map (emissive),01 - Placas de Transito (Road Signs),usa_roadsigns_text,emissive,source/originals/png/t_usa_roadsigns_text_e.color.png
01 - Placas de Transito (Road Signs)/t_usa_roadsigns_text_o.data.dds,t_usa_roadsigns_text_o.data.dds,.dds,174920,1024,256,DDS BC4_UNORM (BC4U),9d02f3487b911760366d01b48185ee6879d0b9d2f3b455b2437e245c796baa07,original_dds,mipmaps=11; auxiliary_map (opacity),01 - Placas de Transito (Road Signs),usa_roadsigns_text,opacity,source/originals/dds/t_usa_roadsigns_text_o.data.dds
01 - Placas de Transito (Road Signs)/t_usa_roadsigns_text_o.data.png,t_usa_roadsigns_text_o.data.png,.png,27999,1024,256,PNG L,65947504d0fa010c47fe63a6c86b1149eaa7d36d869bd15a2bb6db3a140d3f39,original_png,PNG decoded from the original DDS (same resolution); editing base; auxiliary_map (opacity),01 - Placas de Transito (Road Signs),usa_roadsigns_text,opacity,source/originals/png/t_usa_roadsigns_text_o.data.png
01 - Placas de Transito (Road Signs)/usa_roadsigns_text.dds,usa_roadsigns_text.dds,.dds,349712,1024,256,DDS BC3 (DXT5),a7a0ce9472d7feeb59b4d8f2fa096a37f0ca6631f36e4a0e6dd925982d9aabaf,original_dds,mipmaps=11,01 - Placas de Transito (Road Signs),usa_roadsigns_text,diffuse_legacy_with_alpha,source/originals/dds/usa_roadsigns_text.dds
01 - Placas de Transito (Road Signs)/usa_roadsigns_text.png,usa_roadsigns_text.png,.png,82641,1024,256,PNG RGBA,0ad6aeaebe08bb699e86136334b602013ce4e2b6ec6494d2d485858b32c99c83,original_png,alpha min=0 max=255 transparent=0.4% semi=70.8%; PNG decoded from the original DDS (same resolution); editing base,01 - Placas de Transito (Road Signs),usa_roadsigns_text,diffuse_legacy_with_alpha,source/originals/png/usa_roadsigns_text.png
01 - Placas de Transito (Road Signs)/usa_roadsigns_turn_warning.dds,usa_roadsigns_turn_warning.dds,.dds,174904,512,512,DDS BC1 (DXT1),7ed6524e5f2481b2ee77791037b557ca26b8442779187ba0b57625c74dcf170b,original_dds,mipmaps=10,01 - Placas de Transito (Road Signs),usa_roadsigns_turn_warning,diffuse_legacy,source/originals/dds/usa_roadsigns_turn_warning.dds
01 - Placas de Transito (Road Signs)/usa_roadsigns_turn_warning.png,usa_roadsigns_turn_warning.png,.png,224778,512,512,PNG RGBA,ea51e101329d44a2b120599af00f3cec7aa7829f591d457636b8010fc5dea795,original_png,alpha min=255 max=255 transparent=0.0% semi=0.0%; PNG decoded from the original DDS (same resolution); editing base,01 - Placas de Transito (Road Signs),usa_roadsigns_turn_warning,diffuse_legacy,source/originals/png/usa_roadsigns_turn_warning.png
01 - Placas de Transito (Road Signs)/ut_roadsigns_d.dds,ut_roadsigns_d.dds,.dds,1398276,1024,1024,DDS DX10 BC7_UNORM,c5e1df9c9233195d24e1277ad83eff2b3cb9e4db65227eb0b3ffeb0f1f776e7d,original_dds,mipmaps=11,01 - Placas de Transito (Road Signs),ut_roadsigns,diffuse_legacy,source/originals/dds/ut_roadsigns_d.dds
01 - Placas de Transito (Road Signs)/ut_roadsigns_d.png,ut_roadsigns_d.png,.png,1247200,1024,1024,PNG RGBA,f53b055db21159d3365d9444bc1a6e4a82852f6a849a1e84e83b7d9db479d32b,original_png,alpha min=0 max=255 transparent=15.5% semi=11.6%; PNG decoded from the original DDS (same resolution); editing base,01 - Placas de Transito (Road Signs),ut_roadsigns,diffuse_legacy,source/originals/png/ut_roadsigns_d.png
01 - Placas de Transito (Road Signs)/PT-BR/eca_roadsigns_d_ptbr.png,eca_roadsigns_d_ptbr.png,.png,1659985,1024,1024,PNG RGBA,a3eb20147455a933c3ea1fa68630314f0e34d45f2dab372e977667fab91894c1,current_ptbr_reference,alpha min=220 max=255 transparent=0.0% semi=0.4%; reference for original eca_roadsigns_d; NOT a technically approved master,01 - Placas de Transito (Road Signs),eca_roadsigns,diffuse_legacy_with_alpha,source/reference_ptbr/eca_roadsigns_d_ptbr.png
01 - Placas de Transito (Road Signs)/PT-BR/t_roadsigns_b.color_ptbr.png,t_roadsigns_b.color_ptbr.png,.png,3550352,2048,1024,PNG RGBA,d41ba2c0ec6e67917983a903a443c0f81f044c0d624dad0a3d615f77ee7a3938,current_ptbr_reference,alpha min=201 max=255 transparent=0.0% semi=0.3%; reference for original t_roadsigns_b.color; NOT a technically approved master,01 - Placas de Transito (Road Signs),t_roadsigns,color,source/reference_ptbr/t_roadsigns_b.color_ptbr.png
02 - Estabelecimentos Comerciais e Fachadas (Commercial)/clutter_commercial_b.color.dds,clutter_commercial_b.color.dds,.dds,5592580,2048,2048,DDS DX10 BC7_UNORM_SRGB,7bd6a0d2dcff98e9ebe751c7b82bf836db2c77e3296cbc1353f11353bf63463f,original_dds,mipmaps=12,02 - Estabelecimentos Comerciais e Fachadas (Commercial),clutter_commercial,color,source/originals/dds/clutter_commercial_b.color.dds
02 - Estabelecimentos Comerciais e Fachadas (Commercial)/clutter_commercial_b.color.png,clutter_commercial_b.color.png,.png,3636625,2048,2048,PNG RGBA,ca4a3fa5ede53829c9a74adfdd77ee0140f3620a386baf72f789bb4fcacbf20b,original_png,alpha min=251 max=255 transparent=0.0% semi=0.1%; PNG decoded from the original DDS (same resolution); editing base,02 - Estabelecimentos Comerciais e Fachadas (Commercial),clutter_commercial,color,source/originals/png/clutter_commercial_b.color.png
02 - Estabelecimentos Comerciais e Fachadas (Commercial)/clutter_commercial_o.data.dds,clutter_commercial_o.data.dds,.dds,2796344,2048,2048,DDS BC4_UNORM (BC4U),44df6e8bdd636c55b235e747da3875134a51ebdeb812a7ac9a3781aeaeeb6725,original_dds,mipmaps=12; auxiliary_map (opacity),02 - Estabelecimentos Comerciais e Fachadas (Commercial),clutter_commercial,opacity,source/originals/dds/clutter_commercial_o.data.dds
02 - Estabelecimentos Comerciais e Fachadas (Commercial)/clutter_commercial_o.data.png,clutter_commercial_o.data.png,.png,219437,2048,2048,PNG L,2009d5d0edcd952c235282755d6647d19d7b6f0f559819d7a816e4561475ea60,original_png,PNG decoded from the original DDS (same resolution); editing base; auxiliary_map (opacity),02 - Estabelecimentos Comerciais e Fachadas (Commercial),clutter_commercial,opacity,source/originals/png/clutter_commercial_o.data.png
02 - Estabelecimentos Comerciais e Fachadas (Commercial)/logos_dealership_garage_wca_d.color.dds,logos_dealership_garage_wca_d.color.dds,.dds,5592580,2048,2048,DDS DX10 BC7_UNORM_SRGB,2c13e70a28d9b21273accdf743cb8c932528e89514c1755da559426201dea107,original_dds,mipmaps=12,02 - Estabelecimentos Comerciais e Fachadas (Commercial),logos_dealership_garage_wca,color,source/originals/dds/logos_dealership_garage_wca_d.color.dds
02 - Estabelecimentos Comerciais e Fachadas (Commercial)/logos_dealership_garage_wca_d.color.png,logos_dealership_garage_wca_d.color.png,.png,1033719,2048,2048,PNG RGBA,986e07b86f049b7b8be6e6ab1e39f74c2acf57066a92fd95cd2c2cf6681d65cc,original_png,alpha min=254 max=255 transparent=0.0% semi=8.6%; PNG decoded from the original DDS (same resolution); editing base,02 - Estabelecimentos Comerciais e Fachadas (Commercial),logos_dealership_garage_wca,color,source/originals/png/logos_dealership_garage_wca_d.color.png
02 - Estabelecimentos Comerciais e Fachadas (Commercial)/t_riverside_plaza_sign_LOD_b.color.dds,t_riverside_plaza_sign_LOD_b.color.dds,.dds,87556,256,256,DDS DX10 BC7_UNORM_SRGB,b3389c8c454d7bacc4f9b4d95d3f0124c2ff7500028860e21a9a9c56a462b627,original_dds,mipmaps=9,02 - Estabelecimentos Comerciais e Fachadas (Commercial),t_riverside_plaza_sign_LOD,color,source/originals/dds/t_riverside_plaza_sign_LOD_b.color.dds
02 - Estabelecimentos Comerciais e Fachadas (Commercial)/t_riverside_plaza_sign_LOD_b.color.png,t_riverside_plaza_sign_LOD_b.color.png,.png,78666,256,256,PNG RGBA,df64e4b26322b1fdf2b99e4a6a28044ed87708ed76880755b24a25c96c8e8684,original_png,alpha min=254 max=255 transparent=0.0% semi=2.7%; PNG decoded from the original DDS (same resolution); editing base,02 - Estabelecimentos Comerciais e Fachadas (Commercial),t_riverside_plaza_sign_LOD,color,source/originals/png/t_riverside_plaza_sign_LOD_b.color.png
02 - Estabelecimentos Comerciais e Fachadas (Commercial)/t_west_coast_garage_sign_b.color.dds,t_west_coast_garage_sign_b.color.dds,.dds,699236,1024,512,DDS DX10 BC7_UNORM_SRGB,fd70f4b1aa07c8a68a6b72cf3671ad9611a7fc527eed6e59ac38221049c70886,original_dds,mipmaps=11,02 - Estabelecimentos Comerciais e Fachadas (Commercial),t_west_coast_garage_sign,color,source/originals/dds/t_west_coast_garage_sign_b.color.dds
02 - Estabelecimentos Comerciais e Fachadas (Commercial)/t_west_coast_garage_sign_b.color.png,t_west_coast_garage_sign_b.color.png,.png,202333,1024,512,PNG RGBA,1beffc0b90a0151e914a1c55200ce1cc388baacc296f217789a42bd1bf19cc77,original_png,alpha min=254 max=255 transparent=0.0% semi=8.6%; PNG decoded from the original DDS (same resolution); editing base,02 - Estabelecimentos Comerciais e Fachadas (Commercial),t_west_coast_garage_sign,color,source/originals/png/t_west_coast_garage_sign_b.color.png
03 - Postos de Gasolina (Fuel Stations)/eca_genericsigns_emissive.dds,eca_genericsigns_emissive.dds,.dds,1398256,1024,1024,DDS BC3 (DXT5),9326bb2f936292ecf8094a546baacc2f045eb93f7f3421cb7abf05ce61864726,original_dds,mipmaps=11; auxiliary_map (emissive),03 - Postos de Gasolina (Fuel Stations),eca_genericsigns,emissive,source/originals/dds/eca_genericsigns_emissive.dds
03 - Postos de Gasolina (Fuel Stations)/eca_genericsigns_emissive.png,eca_genericsigns_emissive.png,.png,8733,1024,1024,PNG RGBA,c8bcfa9241cc6713bd76e2022ce5860376aafe32e42484bc5e8e282ac6d618aa,original_png,alpha min=0 max=255 transparent=99.6% semi=0.2%; PNG decoded from the original DDS (same resolution); editing base; auxiliary_map (emissive),03 - Postos de Gasolina (Fuel Stations),eca_genericsigns,emissive,source/originals/png/eca_genericsigns_emissive.png
03 - Postos de Gasolina (Fuel Stations)/t_eca_genericsigns_b.color.dds,t_eca_genericsigns_b.color.dds,.dds,1398276,1024,1024,DDS DX10 BC7_UNORM_SRGB,e100ee5590b40aed615c9fbe5f1d1fde045428c8cb79faa895037d08b44d946f,original_dds,mipmaps=11,03 - Postos de Gasolina (Fuel Stations),eca_genericsigns,color,source/originals/dds/t_eca_genericsigns_b.color.dds
03 - Postos de Gasolina (Fuel Stations)/t_eca_genericsigns_b.color.png,t_eca_genericsigns_b.color.png,.png,757690,1024,1024,PNG RGBA,78165798e5f1add0236330eab0fd5cc8340c07c22115ef95fa610368684a5b3e,original_png,alpha min=253 max=255 transparent=0.0% semi=0.7%; PNG decoded from the original DDS (same resolution); editing base,03 - Postos de Gasolina (Fuel Stations),eca_genericsigns,color,source/originals/png/t_eca_genericsigns_b.color.png
03 - Postos de Gasolina (Fuel Stations)/t_gasstation_tyrannos_b.color.dds,t_gasstation_tyrannos_b.color.dds,.dds,699236,1024,512,DDS DX10 BC7_UNORM_SRGB,400bad892b8761ef95643beb5dd1b85512f362d320667d31d7b8fe1cdfe799f2,original_dds,mipmaps=11,03 - Postos de Gasolina (Fuel Stations),t_gasstation_tyrannos,color,source/originals/dds/t_gasstation_tyrannos_b.color.dds
03 - Postos de Gasolina (Fuel Stations)/t_gasstation_tyrannos_b.color.png,t_gasstation_tyrannos_b.color.png,.png,61907,1024,512,PNG RGBA,56d22e4d5e728c2bd09534ef2b4791c86a1ca5d0b8d618633e4f6dfe21f0739f,original_png,alpha min=254 max=255 transparent=0.0% semi=1.6%; PNG decoded from the original DDS (same resolution); editing base,03 - Postos de Gasolina (Fuel Stations),t_gasstation_tyrannos,color,source/originals/png/t_gasstation_tyrannos_b.color.png
03 - Postos de Gasolina (Fuel Stations)/PT-BR/t_eca_genericsigns_b.color_ptbr.png,t_eca_genericsigns_b.color_ptbr.png,.png,1648176,1024,1024,PNG RGBA,4cdddd6c2659ab04aa24ab0610f4a0ba91bb30926d0d5ffb1c198832396703bc,current_ptbr_reference,alpha min=220 max=255 transparent=0.0% semi=0.4%; reference for original t_eca_genericsigns_b.color; NOT a technically approved master,03 - Postos de Gasolina (Fuel Stations),eca_genericsigns,color,source/reference_ptbr/t_eca_genericsigns_b.color_ptbr.png
04 - Outdoors e Paineis Publicitarios (Billboards)/billboards_d.dds,billboards_d.dds,.dds,1398248,2048,1024,DDS BC1 (DXT1),bcda80fb300c92bd1d194b5d98e134ce8f5c6c96d82bc9b2ba8277beea345a66,original_dds,mipmaps=12,04 - Outdoors e Paineis Publicitarios (Billboards),billboards,diffuse_legacy,source/originals/dds/billboards_d.dds
04 - Outdoors e Paineis Publicitarios (Billboards)/billboards_d.png,billboards_d.png,.png,2333897,2048,1024,PNG RGBA,8fc81424c987e77670e7f0c418cec7b6313cd30cef5a847a65fe5a54ff3b21e6,original_png,alpha min=255 max=255 transparent=0.0% semi=0.0%; PNG decoded from the original DDS (same resolution); editing base,04 - Outdoors e Paineis Publicitarios (Billboards),billboards,diffuse_legacy,source/originals/png/billboards_d.png
04 - Outdoors e Paineis Publicitarios (Billboards)/t_billboards_b.color.dds,t_billboards_b.color.dds,.dds,2796388,2048,1024,DDS DX10 BC7_UNORM_SRGB,fe19126641a8ccc4d60d17f0c19fe53d773f68da7d15a49c75a4fa24829157bc,original_dds,mipmaps=12,04 - Outdoors e Paineis Publicitarios (Billboards),t_billboards,color,source/originals/dds/t_billboards_b.color.dds
04 - Outdoors e Paineis Publicitarios (Billboards)/t_billboards_b.color.png,t_billboards_b.color.png,.png,2474759,2048,1024,PNG RGBA,cb03f1a05db2816ba9a2e9a7eca47c1147168efefef7d9106254e6db8b165d15,original_png,alpha min=252 max=255 transparent=0.0% semi=0.2%; PNG decoded from the original DDS (same resolution); editing base,04 - Outdoors e Paineis Publicitarios (Billboards),t_billboards,color,source/originals/png/t_billboards_b.color.png
04 - Outdoors e Paineis Publicitarios (Billboards)/t_billboardsigns_dealers_b.color.dds,t_billboardsigns_dealers_b.color.dds,.dds,2796388,2048,1024,DDS DX10 BC7_UNORM_SRGB,ad8a35e1925cc26e312ad7ac27ef05df97a30016bc9df38250c9f6e8d580ed2b,original_dds,mipmaps=12,04 - Outdoors e Paineis Publicitarios (Billboards),t_billboardsigns_dealers,color,source/originals/dds/t_billboardsigns_dealers_b.color.dds
04 - Outdoors e Paineis Publicitarios (Billboards)/t_billboardsigns_dealers_b.color.png,t_billboardsigns_dealers_b.color.png,.png,2646799,2048,1024,PNG RGBA,fc335ea5be0fc19a3b715f4b592076fc2d079f21afe6d99ca1c95631ac0ff143,original_png,alpha min=0 max=255 transparent=13.9% semi=21.9%; PNG decoded from the original DDS (same resolution); editing base,04 - Outdoors e Paineis Publicitarios (Billboards),t_billboardsigns_dealers,color,source/originals/png/t_billboardsigns_dealers_b.color.png
04 - Outdoors e Paineis Publicitarios (Billboards)/PT-BR/billboards_d_ptbr.png,billboards_d_ptbr.png,.png,5398885,2048,1024,PNG RGBA,2c6b6100083319d9acf6db84839a562acd2e970bc7f038ba90446cb353c1c0a6,current_ptbr_reference,alpha min=201 max=255 transparent=0.0% semi=0.3%; reference for original billboards_d; NOT a technically approved master,04 - Outdoors e Paineis Publicitarios (Billboards),billboards,diffuse_legacy,source/reference_ptbr/billboards_d_ptbr.png
04 - Outdoors e Paineis Publicitarios (Billboards)/PT-BR/t_billboardsigns_dealers_b.color_ptbr.png,t_billboardsigns_dealers_b.color_ptbr.png,.png,4524095,2048,1024,PNG RGBA,f96f7181804cc7beb18fde3bea81a35001038357fa038c87c215ea1718fe8fc0,current_ptbr_reference,alpha min=201 max=255 transparent=0.0% semi=0.3%; reference for original t_billboardsigns_dealers_b.color; NOT a technically approved master,04 - Outdoors e Paineis Publicitarios (Billboards),t_billboardsigns_dealers,color,source/reference_ptbr/t_billboardsigns_dealers_b.color_ptbr.png
05 - Ponto de Onibus e Transporte Publico (Transit & Bus Stops)/busstop_d.dds,busstop_d.dds,.dds,1398256,1024,1024,DDS BC3 (DXT5),89faa86b58273a060fd69003920d77d88a7d67ef61e39d1feeb8a6c0ea3653b4,original_dds,mipmaps=11,05 - Ponto de Onibus e Transporte Publico (Transit & Bus Stops),busstop,diffuse_legacy_with_alpha,source/originals/dds/busstop_d.dds
05 - Ponto de Onibus e Transporte Publico (Transit & Bus Stops)/busstop_d.png,busstop_d.png,.png,828822,1024,1024,PNG RGBA,b99761c32d93fbab645ef4ad5caf174e92061fd5d7185606afb60e0a3c070643,original_png,alpha min=0 max=255 transparent=24.8% semi=3.0%; PNG decoded from the original DDS (same resolution); editing base,05 - Ponto de Onibus e Transporte Publico (Transit & Bus Stops),busstop,diffuse_legacy_with_alpha,source/originals/png/busstop_d.png
05 - Ponto de Onibus e Transporte Publico (Transit & Bus Stops)/t_bus_routes_wca_b.color.dds,t_bus_routes_wca_b.color.dds,.dds,349700,512,512,DDS DX10 BC7_UNORM_SRGB,808bea92dcd1c39ab913ab6f2526b2d2598eb893771c0c4622268c96f3ef1b56,original_dds,mipmaps=10,05 - Ponto de Onibus e Transporte Publico (Transit & Bus Stops),t_bus_routes_wca,color,source/originals/dds/t_bus_routes_wca_b.color.dds
05 - Ponto de Onibus e Transporte Publico (Transit & Bus Stops)/t_bus_routes_wca_b.color.png,t_bus_routes_wca_b.color.png,.png,395376,512,512,PNG RGBA,7d158e869f6d7c1c68bbc338a362bcfc13fad08023e76d8590f677faf6570de2,original_png,alpha min=247 max=255 transparent=0.0% semi=3.3%; PNG decoded from the original DDS (same resolution); editing base,05 - Ponto de Onibus e Transporte Publico (Transit & Bus Stops),t_bus_routes_wca,color,source/originals/png/t_bus_routes_wca_b.color.png
05 - Ponto de Onibus e Transporte Publico (Transit & Bus Stops)/t_sign_busstop_b.color.dds,t_sign_busstop_b.color.dds,.dds,87556,256,256,DDS DX10 BC7_UNORM_SRGB,6d40349695a0d0fd837150be2d8adf55105cc8a6a6a9c33a9ec210f1a3a018ba,original_dds,mipmaps=9,05 - Ponto de Onibus e Transporte Publico (Transit & Bus Stops),t_sign_busstop,color,source/originals/dds/t_sign_busstop_b.color.dds
05 - Ponto de Onibus e Transporte Publico (Transit & Bus Stops)/t_sign_busstop_b.color.png,t_sign_busstop_b.color.png,.png,71376,256,256,PNG RGBA,16937ef99824f3967a850f9dc4208f21e1dd3c2234da07acd6436212375d8225,original_png,alpha min=254 max=255 transparent=0.0% semi=12.5%; PNG decoded from the original DDS (same resolution); editing base,05 - Ponto de Onibus e Transporte Publico (Transit & Bus Stops),t_sign_busstop,color,source/originals/png/t_sign_busstop_b.color.png
06 - Estudios de Cinema (Belasco Movie Studios)/t_movie_studio_signage_b.color.dds,t_movie_studio_signage_b.color.dds,.dds,699236,1024,512,DDS DX10 BC7_UNORM_SRGB,61fa9a576205a4a39ffcb0f222a5a12bcb0fbd634b38aeab7854cefe11858ce9,original_dds,mipmaps=11,06 - Estudios de Cinema (Belasco Movie Studios),t_movie_studio_signage,color,source/originals/dds/t_movie_studio_signage_b.color.dds
06 - Estudios de Cinema (Belasco Movie Studios)/t_movie_studio_signage_b.color.png,t_movie_studio_signage_b.color.png,.png,749401,1024,512,PNG RGBA,831ec96ebd0cc23a57147b747df43327eb87bac83aecb161b03083068b4a2c25,original_png,alpha min=254 max=255 transparent=0.0% semi=31.0%; PNG decoded from the original DDS (same resolution); editing base,06 - Estudios de Cinema (Belasco Movie Studios),t_movie_studio_signage,color,source/originals/png/t_movie_studio_signage_b.color.png
06 - Estudios de Cinema (Belasco Movie Studios)/PT-BR/t_movie_studio_signage_b.color_ptbr.png,t_movie_studio_signage_b.color_ptbr.png,.png,1171973,1024,512,PNG RGBA,e58aec74d0c051a5a39ac81108b73969a9b1afcff9ca0d8e0c03ac4b8ba78cc0,current_ptbr_reference,alpha min=220 max=255 transparent=0.0% semi=0.6%; reference for original t_movie_studio_signage_b.color; NOT a technically approved master,06 - Estudios de Cinema (Belasco Movie Studios),t_movie_studio_signage,color,source/reference_ptbr/t_movie_studio_signage_b.color_ptbr.png
07 - Industria e Logistica (Industrial & Logistics)/ind_industrial_signs_d.color.dds,ind_industrial_signs_d.color.dds,.dds,699236,1024,512,DDS DX10 BC7_UNORM_SRGB,c348a8754c542ac8cd1c601e834eb50124a17eabfbdc930b092e941a450f456f,original_dds,mipmaps=11,07 - Industria e Logistica (Industrial & Logistics),ind_industrial_signs,color,source/originals/dds/ind_industrial_signs_d.color.dds
07 - Industria e Logistica (Industrial & Logistics)/ind_industrial_signs_d.color.png,ind_industrial_signs_d.color.png,.png,1000426,1024,512,PNG RGBA,df833ebfc55e91ae494d8698d61413f7811985fc7c03e6ca27fc4d99bcd21758,original_png,alpha min=254 max=255 transparent=0.0% semi=5.6%; PNG decoded from the original DDS (same resolution); editing base,07 - Industria e Logistica (Industrial & Logistics),ind_industrial_signs,color,source/originals/png/ind_industrial_signs_d.color.png
07 - Industria e Logistica (Industrial & Logistics)/t_industrial_signs_b.color.dds,t_industrial_signs_b.color.dds,.dds,699236,1024,512,DDS DX10 BC7_UNORM_SRGB,665f6b1dc64fb120f29f9f3b12e39a8ee7fb506df92cc2ba211f3bc0f1d697bd,original_dds,mipmaps=11,07 - Industria e Logistica (Industrial & Logistics),t_industrial_signs,color,source/originals/dds/t_industrial_signs_b.color.dds
07 - Industria e Logistica (Industrial & Logistics)/t_industrial_signs_b.color.png,t_industrial_signs_b.color.png,.png,1043841,1024,512,PNG RGBA,bf7c56ff02a1a099ba99ea360ad6a67d253bd5fa6515b048155c86a37f3487ae,original_png,alpha min=254 max=255 transparent=0.0% semi=5.6%; PNG decoded from the original DDS (same resolution); editing base,07 - Industria e Logistica (Industrial & Logistics),t_industrial_signs,color,source/originals/png/t_industrial_signs_b.color.png
07 - Industria e Logistica (Industrial & Logistics)/t_sealbrik_logo_b.color.dds,t_sealbrik_logo_b.color.dds,.dds,699236,1024,512,DDS DX10 BC7_UNORM_SRGB,0d2c988cc629712cb33b61a2efecb7d2f4196ac989beabe48d06920c3d01587c,original_dds,mipmaps=11,07 - Industria e Logistica (Industrial & Logistics),t_sealbrik_logo,color,source/originals/dds/t_sealbrik_logo_b.color.dds
07 - Industria e Logistica (Industrial & Logistics)/t_sealbrik_logo_b.color.png,t_sealbrik_logo_b.color.png,.png,678914,1024,512,PNG RGBA,9f56c0b2e673e2e96f88344fa238a5f05901a8dfb957aa7f10abdeedf034bb57,original_png,alpha min=254 max=255 transparent=0.0% semi=6.9%; PNG decoded from the original DDS (same resolution); editing base; byte-identical duplicate of 07 - Industria e Logistica (Industrial & Logistics)/PT-BR/t_sealbrik_logo_b.color_ptbr.png,07 - Industria e Logistica (Industrial & Logistics),t_sealbrik_logo,color,source/originals/png/t_sealbrik_logo_b.color.png
07 - Industria e Logistica (Industrial & Logistics)/t_spearleaf_refinery_logo_b.color.dds,t_spearleaf_refinery_logo_b.color.dds,.dds,1398276,1024,1024,DDS DX10 BC7_UNORM_SRGB,d58c9f43d008b09cca58f6cce379375e3be55e9d1412d2be4697a3470d418b37,original_dds,mipmaps=11,07 - Industria e Logistica (Industrial & Logistics),t_spearleaf_refinery_logo,color,source/originals/dds/t_spearleaf_refinery_logo_b.color.dds
07 - Industria e Logistica (Industrial & Logistics)/t_spearleaf_refinery_logo_b.color.png,t_spearleaf_refinery_logo_b.color.png,.png,204654,1024,1024,PNG RGBA,8ac8fa79859f5acd3359944bc31d3d228b31a5778dc2ecba2cf6a489c1d0aeb3,original_png,alpha min=0 max=255 transparent=84.6% semi=4.5%; PNG decoded from the original DDS (same resolution); editing base,07 - Industria e Logistica (Industrial & Logistics),t_spearleaf_refinery_logo,color,source/originals/png/t_spearleaf_refinery_logo_b.color.png
07 - Industria e Logistica (Industrial & Logistics)/t_spearleaf_refinery_logo_o.data.dds,t_spearleaf_refinery_logo_o.data.dds,.dds,699192,1024,1024,DDS BC4_UNORM (BC4U),9afe6b4750cacadd7bc85ef4f12bb0af854f6bc7b413122ca473352a883e1da8,original_dds,mipmaps=11; auxiliary_map (opacity),07 - Industria e Logistica (Industrial & Logistics),t_spearleaf_refinery_logo,opacity,source/originals/dds/t_spearleaf_refinery_logo_o.data.dds
07 - Industria e Logistica (Industrial & Logistics)/t_spearleaf_refinery_logo_o.data.png,t_spearleaf_refinery_logo_o.data.png,.png,23553,1024,1024,PNG L,079a076f785da690db442886bcc313e6b5987faa1421fdbaf0ede7e8150665f6,original_png,PNG decoded from the original DDS (same resolution); editing base; auxiliary_map (opacity),07 - Industria e Logistica (Industrial & Logistics),t_spearleaf_refinery_logo,opacity,source/originals/png/t_spearleaf_refinery_logo_o.data.png
07 - Industria e Logistica (Industrial & Logistics)/t_steel_factory_brand_b.color.dds,t_steel_factory_brand_b.color.dds,.dds,1398276,1024,1024,DDS DX10 BC7_UNORM_SRGB,cfe992a3666b6e8904ea1412c6e336e9dac6d1e6748054100809b72d7e5cd9d1,original_dds,mipmaps=11,07 - Industria e Logistica (Industrial & Logistics),t_steel_factory_brand,color,source/originals/dds/t_steel_factory_brand_b.color.dds
07 - Industria e Logistica (Industrial & Logistics)/t_steel_factory_brand_b.color.png,t_steel_factory_brand_b.color.png,.png,1377092,1024,1024,PNG RGBA,9e73dcb3dd7d0c63ea92ac2aba9425f01e4053003f4a6e26c937cb3beff70862,original_png,alpha min=251 max=255 transparent=0.0% semi=0.9%; PNG decoded from the original DDS (same resolution); editing base,07 - Industria e Logistica (Industrial & Logistics),t_steel_factory_brand,color,source/originals/png/t_steel_factory_brand_b.color.png
07 - Industria e Logistica (Industrial & Logistics)/PT-BR/ind_industrial_signs_d.color_ptbr.png,ind_industrial_signs_d.color_ptbr.png,.png,1443732,1024,512,PNG RGBA,9004ba8661ee197fb1071b5132d7eb91894030997daece55f42797d7f632907a,current_ptbr_reference,alpha min=220 max=255 transparent=0.0% semi=0.6%; reference for original ind_industrial_signs_d.color; NOT a technically approved master,07 - Industria e Logistica (Industrial & Logistics),ind_industrial_signs,color,source/reference_ptbr/ind_industrial_signs_d.color_ptbr.png
07 - Industria e Logistica (Industrial & Logistics)/PT-BR/t_sealbrik_logo_b.color_ptbr.png,t_sealbrik_logo_b.color_ptbr.png,.png,678914,1024,512,PNG RGBA,9f56c0b2e673e2e96f88344fa238a5f05901a8dfb957aa7f10abdeedf034bb57,current_ptbr_reference,alpha min=254 max=255 transparent=0.0% semi=6.9%; reference for original t_sealbrik_logo_b.color; NOT a technically approved master; byte-identical duplicate of 07 - Industria e Logistica (Industrial & Logistics)/t_sealbrik_logo_b.color.png,07 - Industria e Logistica (Industrial & Logistics),t_sealbrik_logo,color,source/reference_ptbr/t_sealbrik_logo_b.color_ptbr.png
07 - Industria e Logistica (Industrial & Logistics)/PT-BR/t_spearleaf_refinery_logo_b.color_ptbr.png,t_spearleaf_refinery_logo_b.color_ptbr.png,.png,855664,1024,1024,PNG RGBA,c2f921018981a8f12247050f6631afdf4e50cbf187b4008a994fb1caf9732a31,current_ptbr_reference,alpha min=220 max=255 transparent=0.0% semi=0.4%; reference for original t_spearleaf_refinery_logo_b.color; NOT a technically approved master,07 - Industria e Logistica (Industrial & Logistics),t_spearleaf_refinery_logo,color,source/reference_ptbr/t_spearleaf_refinery_logo_b.color_ptbr.png
07 - Industria e Logistica (Industrial & Logistics)/PT-BR/t_spearleaf_refinery_logo_o.data_ptbr.png,t_spearleaf_refinery_logo_o.data_ptbr.png,.png,49993,1024,1024,PNG RGBA,2f1f641066899cf62fcf38d94c1246bcbbb5f3914d100438e9e4fd942b17206a,current_ptbr_reference,alpha min=193 max=255 transparent=0.0% semi=0.4%; reference for original t_spearleaf_refinery_logo_o.data; NOT a technically approved master; auxiliary_map (opacity),07 - Industria e Logistica (Industrial & Logistics),t_spearleaf_refinery_logo,opacity,source/reference_ptbr/t_spearleaf_refinery_logo_o.data_ptbr.png
07 - Industria e Logistica (Industrial & Logistics)/PT-BR/t_steel_factory_brand_b.color_ptbr.png,t_steel_factory_brand_b.color_ptbr.png,.png,1641011,1024,1024,PNG RGBA,baaab161e22ed7ec6f9e9ab66bb9e590b8e80b7d04a25978f5d80f4e96d7f044,current_ptbr_reference,alpha min=220 max=255 transparent=0.0% semi=0.4%; reference for original t_steel_factory_brand_b.color; NOT a technically approved master,07 - Industria e Logistica (Industrial & Logistics),t_steel_factory_brand,color,source/reference_ptbr/t_steel_factory_brand_b.color_ptbr.png
08 - Pistas e Corridas (Race & Drift)/arrows_sign_d.dds,arrows_sign_d.dds,.dds,87568,512,128,DDS BC3 (DXT5),e5d380f4bf180eb6e91e3656140539188f36b276c19290e0887e32156f9a2ad0,original_dds,mipmaps=10,08 - Pistas e Corridas (Race & Drift),arrows_sign,diffuse_legacy_with_alpha,source/originals/dds/arrows_sign_d.dds
08 - Pistas e Corridas (Race & Drift)/arrows_sign_d.png,arrows_sign_d.png,.png,51037,512,128,PNG RGBA,e29439eec74f72417edbd9a993ad3452d62749f5288bb6f43eae58cf2228690a,original_png,alpha min=255 max=255 transparent=0.0% semi=0.0%; PNG decoded from the original DDS (same resolution); editing base,08 - Pistas e Corridas (Race & Drift),arrows_sign,diffuse_legacy_with_alpha,source/originals/png/arrows_sign_d.png
08 - Pistas e Corridas (Race & Drift)/checkpoint_sign.dds,checkpoint_sign.dds,.dds,174904,512,512,DDS BC1 (DXT1),ea1ad40d3f925b5b04ede3dbbd58e8dd43df983408c2bdd7cc76b730f1164ae7,original_dds,mipmaps=10,08 - Pistas e Corridas (Race & Drift),checkpoint_sign,diffuse_legacy,source/originals/dds/checkpoint_sign.dds
08 - Pistas e Corridas (Race & Drift)/checkpoint_sign.png,checkpoint_sign.png,.png,269327,512,512,PNG RGBA,41d584df74420801e5c1abe376cdf928005c5a2f21b35a7647d19e3f8dbb141b,original_png,alpha min=255 max=255 transparent=0.0% semi=0.0%; PNG decoded from the original DDS (same resolution); editing base,08 - Pistas e Corridas (Race & Drift),checkpoint_sign,diffuse_legacy,source/originals/png/checkpoint_sign.png
08 - Pistas e Corridas (Race & Drift)/t_sign_drift.color.dds,t_sign_drift.color.dds,.dds,22020,128,128,DDS DX10 BC7_UNORM_SRGB,6e8cd568abe105a7645834f6875e64b4cc20840eb91fa7d12e639dbdbd34cc4f,original_dds,mipmaps=8,08 - Pistas e Corridas (Race & Drift),t_sign_drift,color,source/originals/dds/t_sign_drift.color.dds
08 - Pistas e Corridas (Race & Drift)/t_sign_drift.color.png,t_sign_drift.color.png,.png,21928,128,128,PNG RGBA,a2ed15ba3cba28514f092a9a0f90e57ea43a590588596fc02d96904a285ac38d,original_png,alpha min=254 max=255 transparent=0.0% semi=5.1%; PNG decoded from the original DDS (same resolution); editing base,08 - Pistas e Corridas (Race & Drift),t_sign_drift,color,source/originals/png/t_sign_drift.color.png
08 - Pistas e Corridas (Race & Drift)/t_sponsors_b.color.dds,t_sponsors_b.color.dds,.dds,2796388,2048,1024,DDS DX10 BC7_UNORM_SRGB,25ef079cd1ce78808de966dcb64d38c440d80af731cda02bf23a6593e5e1905a,original_dds,mipmaps=12,08 - Pistas e Corridas (Race & Drift),t_sponsors,color,source/originals/dds/t_sponsors_b.color.dds
08 - Pistas e Corridas (Race & Drift)/t_sponsors_b.color.png,t_sponsors_b.color.png,.png,1983027,2048,1024,PNG RGBA,1acbc025c1600e926b179119112ffee7d6502882f004e617da0b6f994bfb352e,original_png,alpha min=0 max=255 transparent=3.0% semi=0.3%; PNG decoded from the original DDS (same resolution); editing base,08 - Pistas e Corridas (Race & Drift),t_sponsors,color,source/originals/png/t_sponsors_b.color.png
08 - Pistas e Corridas (Race & Drift)/PT-BR/t_sponsors_b.color_ptbr.png,t_sponsors_b.color_ptbr.png,.png,4134656,2048,1024,PNG RGBA,01a30617b9912eea6a4957cdd98db032c118068c60f4896fd191339b1db6dace,current_ptbr_reference,alpha min=201 max=255 transparent=0.0% semi=0.3%; reference for original t_sponsors_b.color; NOT a technically approved master,08 - Pistas e Corridas (Race & Drift),t_sponsors,color,source/reference_ptbr/t_sponsors_b.color_ptbr.png
09 - Marcacoes no Asfalto (Road Surface Markings)/t_decal_roadmarkings_b.color.dds,t_decal_roadmarkings_b.color.dds,.dds,1398276,1024,1024,DDS DX10 BC7_UNORM_SRGB,2fd9992ee7bb742f80c6389a22516210c37812619b0c22c66954dba2a505346f,original_dds,mipmaps=11,09 - Marcacoes no Asfalto (Road Surface Markings),t_decal_roadmarkings,color,source/originals/dds/t_decal_roadmarkings_b.color.dds
09 - Marcacoes no Asfalto (Road Surface Markings)/t_decal_roadmarkings_b.color.png,t_decal_roadmarkings_b.color.png,.png,687863,1024,1024,PNG RGBA,1a0c9c9c1b89e2b43686b976532c02d0a8e8457b7a8782847a660e554f2b8026,original_png,alpha min=254 max=255 transparent=0.0% semi=0.9%; PNG decoded from the original DDS (same resolution); editing base,09 - Marcacoes no Asfalto (Road Surface Markings),t_decal_roadmarkings,color,source/originals/png/t_decal_roadmarkings_b.color.png
09 - Marcacoes no Asfalto (Road Surface Markings)/PT-BR/t_decal_roadmarkings_b.color_ptbr.png,t_decal_roadmarkings_b.color_ptbr.png,.png,1381240,1024,1024,PNG RGBA,fee381d1c4cffb141e80d8939569b45d6d9d71669106fb2825813400ae40bfd3,current_ptbr_reference,alpha min=220 max=255 transparent=0.0% semi=0.4%; reference for original t_decal_roadmarkings_b.color; NOT a technically approved master,09 - Marcacoes no Asfalto (Road Surface Markings),t_decal_roadmarkings,color,source/reference_ptbr/t_decal_roadmarkings_b.color_ptbr.png
